Test_num,Path,Filename,Description,Text,lang,Config1,Config2,Config3,Config4,Config5,Config6,,,,,,,,,,,,,,,
1,images\basic_test\,basic_test_30.png,Basic sentence,This is a basic test.\n\nTo test the basic features,-l eng,"page_separator=""""",,,,,,,,,,,,,,,,,,,,
2,images\basic_test\,basic_test_38.png,Basic sentence,This is a basic test.\n\nTo test the basic features,-l eng,"page_separator=""""",,,,,,,,,,,,,,,,,,,,
,,,,,,,,,,,,,,,,,,,,,,,,,,
3,images\font_size_images\,font_size_8_test.png,font_size_8_test.png,This is a test\n\nfor the font size,-l eng,"page_separator=""""",,,,,,,,,,,,,,,,,,,,
4,images\font_size_images\,font_size_9_test.png,font_size_9_test.png,This is a test\n\nfor the font size,-l eng,"page_separator=""""",,,,,,,,,,,,,,,,,,,,
5,images\font_size_images\,font_size_10_test.png,font_size_10_test.png,This is a test\n\nfor the font size,-l eng,"page_separator=""""",,,,,,,,,,,,,,,,,,,,
6,images\font_size_images\,font_size_11_test.png,font_size_11_test.png,This is a test\n\nfor the font size,-l eng,"page_separator=""""",,,,,,,,,,,,,,,,,,,,
7,images\font_size_images\,font_size_12_test.png,font_size_12_test.png,This is a test\n\nfor the font size,-l eng,"page_separator=""""",,,,,,,,,,,,,,,,,,,,
8,images\font_size_images\,font_size_13_test.png,font_size_13_test.png,This is a test\n\nfor the font size,-l eng,"page_separator=""""",,,,,,,,,,,,,,,,,,,,
9,images\font_size_images\,font_size_14_test.png,font_size_14_test.png,This is a test\n\nfor the font size,-l eng,"page_separator=""""",,,,,,,,,,,,,,,,,,,,
10,images\font_size_images\,font_size_15_test.png,font_size_15_test.png,This is a test\n\nfor the font size,-l eng,"page_separator=""""",,,,,,,,,,,,,,,,,,,,
11,images\font_size_images\,font_size_16_test.png,font_size_16_test.png,This is a test\n\nfor the font size,-l eng,"page_separator=""""",,,,,,,,,,,,,,,,,,,,
12,images\font_size_images\,font_size_17_test.png,font_size_17_test.png,This is a test\n\nfor the font size,-l eng,"page_separator=""""",,,,,,,,,,,,,,,,,,,,
13,images\font_size_images\,font_size_18_test.png,font_size_18_test.png,This is a test\n\nfor the font size,-l eng,"page_separator=""""",,,,,,,,,,,,,,,,,,,,
14,images\font_size_images\,font_size_19_test.png,font_size_19_test.png,This is a test\n\nfor the font size,-l eng,"page_separator=""""",,,,,,,,,,,,,,,,,,,,
15,images\font_size_images\,font_size_20_test.png,font_size_20_test.png,This is a test\n\nfor the font size,-l eng,"page_separator=""""",,,,,,,,,,,,,,,,,,,,
16,images\font_size_images\,font_size_21_test.png,font_size_21_test.png,This is a test\n\nfor the font size,-l eng,"page_separator=""""",,,,,,,,,,,,,,,,,,,,
17,images\font_size_images\,font_size_22_test.png,font_size_22_test.png,This is a test\n\nfor the font size,-l eng,"page_separator=""""",,,,,,,,,,,,,,,,,,,,
18,images\font_size_images\,font_size_23_test.png,font_size_23_test.png,This is a test\n\nfor the font size,-l eng,"page_separator=""""",,,,,,,,,,,,,,,,,,,,
19,images\font_size_images\,font_size_24_test.png,font_size_24_test.png,This is a test\n\nfor the font size,-l eng,"page_separator=""""",,,,,,,,,,,,,,,,,,,,
20,images\font_size_images\,font_size_25_test.png,font_size_25_test.png,This is a test\n\nfor the font size,-l eng,"page_separator=""""",,,,,,,,,,,,,,,,,,,,
21,images\font_size_images\,font_size_26_test.png,font_size_26_test.png,This is a test\n\nfor the font size,-l eng,"page_separator=""""",,,,,,,,,,,,,,,,,,,,
22,images\font_size_images\,font_size_27_test.png,font_size_27_test.png,This is a test\n\nfor the font size,-l eng,"page_separator=""""",,,,,,,,,,,,,,,,,,,,
23,images\font_size_images\,font_size_28_test.png,font_size_28_test.png,This is a test\n\nfor the font size,-l eng,"page_separator=""""",,,,,,,,,,,,,,,,,,,,
24,images\font_size_images\,font_size_29_test.png,font_size_29_test.png,This is a test\n\nfor the font size,-l eng,"page_separator=""""",,,,,,,,,,,,,,,,,,,,
25,images\font_size_images\,font_size_30_test.png,font_size_30_test.png,This is a test\n\nfor the font size,-l eng,"page_separator=""""",,,,,,,,,,,,,,,,,,,,
26,images\font_size_images\,font_size_31_test.png,font_size_31_test.png,This is a test\n\nfor the font size,-l eng,"page_separator=""""",,,,,,,,,,,,,,,,,,,,
27,images\font_size_images\,font_size_32_test.png,font_size_32_test.png,This is a test\n\nfor the font size,-l eng,"page_separator=""""",,,,,,,,,,,,,,,,,,,,
28,images\font_size_images\,font_size_33_test.png,font_size_33_test.png,This is a test\n\nfor the font size,-l eng,"page_separator=""""",,,,,,,,,,,,,,,,,,,,
29,images\font_size_images\,font_size_34_test.png,font_size_34_test.png,This is a test\n\nfor the font size,-l eng,"page_separator=""""",,,,,,,,,,,,,,,,,,,,
30,images\font_size_images\,font_size_35_test.png,font_size_35_test.png,This is a test\n\nfor the font size,-l eng,"page_separator=""""",,,,,,,,,,,,,,,,,,,,
31,images\font_size_images\,font_size_36_test.png,font_size_36_test.png,This is a test\n\nfor the font size,-l eng,"page_separator=""""",,,,,,,,,,,,,,,,,,,,
32,images\font_size_images\,font_size_37_test.png,font_size_37_test.png,This is a test\n\nfor the font size,-l eng,"page_separator=""""",,,,,,,,,,,,,,,,,,,,
33,images\font_size_images\,font_size_38_test.png,font_size_38_test.png,This is a test\n\nfor the font size,-l eng,"page_separator=""""",,,,,,,,,,,,,,,,,,,,
34,images\font_size_images\,font_size_39_test.png,font_size_39_test.png,This is a test\n\nfor the font size,-l eng,"page_separator=""""",,,,,,,,,,,,,,,,,,,,
35,images\font_size_images\,font_size_40_test.png,font_size_40_test.png,This is a test\n\nfor the font size,-l eng,"page_separator=""""",,,,,,,,,,,,,,,,,,,,
36,images\font_size_images\,font_size_41_test.png,font_size_41_test.png,This is a test\n\nfor the font size,-l eng,"page_separator=""""",,,,,,,,,,,,,,,,,,,,
37,images\font_size_images\,font_size_42_test.png,font_size_42_test.png,This is a test\n\nfor the font size,-l eng,"page_separator=""""",,,,,,,,,,,,,,,,,,,,
38,images\font_size_images\,font_size_43_test.png,font_size_43_test.png,This is a test\n\nfor the font size,-l eng,"page_separator=""""",,,,,,,,,,,,,,,,,,,,
39,images\font_size_images\,font_size_44_test.png,font_size_44_test.png,This is a test\n\nfor the font size,-l eng,"page_separator=""""",,,,,,,,,,,,,,,,,,,,
40,images\font_size_images\,font_size_45_test.png,font_size_45_test.png,This is a test\n\nfor the font size,-l eng,"page_separator=""""",,,,,,,,,,,,,,,,,,,,
41,images\font_size_images\,font_size_46_test.png,font_size_46_test.png,This is a test\n\nfor the font size,-l eng,"page_separator=""""",,,,,,,,,,,,,,,,,,,,
42,images\font_size_images\,font_size_47_test.png,font_size_47_test.png,This is a test\n\nfor the font size,-l eng,"page_separator=""""",,,,,,,,,,,,,,,,,,,,
43,images\font_size_images\,font_size_48_test.png,font_size_48_test.png,This is a test\n\nfor the font size,-l eng,"page_separator=""""",,,,,,,,,,,,,,,,,,,,
44,images\font_size_images\,font_size_49_test.png,font_size_49_test.png,This is a test\n\nfor the font size,-l eng,"page_separator=""""",,,,,,,,,,,,,,,,,,,,
45,images\font_size_images\,font_size_50_test.png,font_size_50_test.png,This is a test\n\nfor the font size,-l eng,"page_separator=""""",,,,,,,,,,,,,,,,,,,,
46,images\font_size_images\,font_size_51_test.png,font_size_51_test.png,This is a test\n\nfor the font size,-l eng,"page_separator=""""",,,,,,,,,,,,,,,,,,,,
47,images\font_size_images\,font_size_52_test.png,font_size_52_test.png,This is a test\n\nfor the font size,-l eng,"page_separator=""""",,,,,,,,,,,,,,,,,,,,
48,images\font_size_images\,font_size_53_test.png,font_size_53_test.png,This is a test\n\nfor the font size,-l eng,"page_separator=""""",,,,,,,,,,,,,,,,,,,,
49,images\font_size_images\,font_size_54_test.png,font_size_54_test.png,This is a test\n\nfor the font size,-l eng,"page_separator=""""",,,,,,,,,,,,,,,,,,,,
50,images\font_size_images\,font_size_55_test.png,font_size_55_test.png,This is a test\n\nfor the font size,-l eng,"page_separator=""""",,,,,,,,,,,,,,,,,,,,
51,images\font_size_images\,font_size_56_test.png,font_size_56_test.png,This is a test\n\nfor the font size,-l eng,"page_separator=""""",,,,,,,,,,,,,,,,,,,,
52,images\font_size_images\,font_size_57_test.png,font_size_57_test.png,This is a test\n\nfor the font size,-l eng,"page_separator=""""",,,,,,,,,,,,,,,,,,,,
53,images\font_size_images\,font_size_58_test.png,font_size_58_test.png,This is a test\n\nfor the font size,-l eng,"page_separator=""""",,,,,,,,,,,,,,,,,,,,
54,images\font_size_images\,font_size_59_test.png,font_size_59_test.png,This is a test\n\nfor the font size,-l eng,"page_separator=""""",,,,,,,,,,,,,,,,,,,,
55,images\font_size_images\,font_size_60_test.png,font_size_60_test.png,This is a test\n\nfor the font size,-l eng,"page_separator=""""",,,,,,,,,,,,,,,,,,,,
56,images\font_size_images\,font_size_61_test.png,font_size_61_test.png,This is a test\n\nfor the font size,-l eng,"page_separator=""""",,,,,,,,,,,,,,,,,,,,
57,images\font_size_images\,font_size_62_test.png,font_size_62_test.png,This is a test\n\nfor the font size,-l eng,"page_separator=""""",,,,,,,,,,,,,,,,,,,,
58,images\font_size_images\,font_size_63_test.png,font_size_63_test.png,This is a test\n\nfor the font size,-l eng,"page_separator=""""",,,,,,,,,,,,,,,,,,,,
59,images\font_size_images\,font_size_64_test.png,font_size_64_test.png,This is a test\n\nfor the font size,-l eng,"page_separator=""""",,,,,,,,,,,,,,,,,,,,
60,images\font_size_images\,font_size_65_test.png,font_size_65_test.png,This is a test\n\nfor the font size,-l eng,"page_separator=""""",,,,,,,,,,,,,,,,,,,,
61,images\font_size_images\,font_size_66_test.png,font_size_66_test.png,This is a test\n\nfor the font size,-l eng,"page_separator=""""",,,,,,,,,,,,,,,,,,,,
62,images\font_size_images\,font_size_67_test.png,font_size_67_test.png,This is a test\n\nfor the font size,-l eng,"page_separator=""""",,,,,,,,,,,,,,,,,,,,
63,images\font_size_images\,font_size_68_test.png,font_size_68_test.png,This is a test\n\nfor the font size,-l eng,"page_separator=""""",,,,,,,,,,,,,,,,,,,,
64,images\font_size_images\,font_size_69_test.png,font_size_69_test.png,This is a test\n\nfor the font size,-l eng,"page_separator=""""",,,,,,,,,,,,,,,,,,,,
65,images\font_size_images\,font_size_70_test.png,font_size_70_test.png,This is a test\n\nfor the font size,-l eng,"page_separator=""""",,,,,,,,,,,,,,,,,,,,
66,images\font_size_images\,font_size_71_test.png,font_size_71_test.png,This is a test\n\nfor the font size,-l eng,"page_separator=""""",,,,,,,,,,,,,,,,,,,,
67,images\font_size_images\,font_size_72_test.png,font_size_72_test.png,This is a test\n\nfor the font size,-l eng,"page_separator=""""",,,,,,,,,,,,,,,,,,,,
,,,,,,,,,,,,,,,,,,,,,,,,,,
68,images\fonts_images\,ahronbd_38_english.png,ahronbd_38_english.png,abcdefghijklmnopqrstuvwxyz,-l eng,"page_separator=""""",,,,,,,,,,,,,,,,,,,,
69,images\fonts_images\,georgia_38_english.png,georgia_38_english.png,abcdefghijklmnopqrstuvwxyz,-l eng,"page_separator=""""",,,,,,,,,,,,,,,,,,,,
70,images\fonts_images\,arial_38_english.png,arial_38_english.png,abcdefghijklmnopqrstuvwxyz,-l eng,"page_separator=""""",,,,,,,,,,,,,,,,,,,,
71,images\fonts_images\,Gisha_38_english.png,Gisha_38_english.png,abcdefghijklmnopqrstuvwxyz,-l eng,"page_separator=""""",,,,,,,,,,,,,,,,,,,,
72,images\fonts_images\,ariblk_38_english.png,ariblk_38_english.png,abcdefghijklmnopqrstuvwxyz,-l eng,"page_separator=""""",,,,,,,,,,,,,,,,,,,,
73,images\fonts_images\,gishabd_38_english.png,gishabd_38_english.png,abcdefghijklmnopqrstuvwxyz,-l eng,"page_separator=""""",,,,,,,,,,,,,,,,,,,,
74,images\fonts_images\,impact_38_english.png,impact_38_english.png,abcdefghijklmnopqrstuvwxyz,-l eng,"page_separator=""""",,,,,,,,,,,,,,,,,,,,
75,images\fonts_images\,bahnschrift_38_english.png,bahnschrift_38_english.png,abcdefghijklmnopqrstuvwxyz,-l eng,"page_separator=""""",,,,,,,,,,,,,,,,,,,,
76,images\fonts_images\,calibri_38_english.png,calibri_38_english.png,abcdefghijklmnopqrstuvwxyz,-l eng,"page_separator=""""",,,,,,,,,,,,,,,,,,,,
77,images\fonts_images\,Inkfree_38_english.png,Inkfree_38_english.png,abcdefghijklmnopqrstuvwxyz,-l eng,"page_separator=""""",,,,,,,,,,,,,,,,,,,,
78,images\fonts_images\,cambria_38_english.png,cambria_38_english.png,abcdefghijklmnopqrstuvwxyz,-l eng,"page_separator=""""",,,,,,,,,,,,,,,,,,,,
79,images\fonts_images\,lvnm_38_english.png,lvnm_38_english.png,abcdefghijklmnopqrstuvwxyz,-l eng,"page_separator=""""",,,,,,,,,,,,,,,,,,,,
80,images\fonts_images\,lvnmbd_38_english.png,lvnmbd_38_english.png,abcdefghijklmnopqrstuvwxyz,-l eng,"page_separator=""""",,,,,,,,,,,,,,,,,,,,
81,images\fonts_images\,cambria_38_english.png,cambria_38_english.png,abcdefghijklmnopqrstuvwxyz,-l eng,"page_separator=""""",,,,,,,,,,,,,,,,,,,,
82,images\fonts_images\,Candara_38_english.png,Candara_38_english.png,abcdefghijklmnopqrstuvwxyz,-l eng,"page_separator=""""",,,,,,,,,,,,,,,,,,,,
83,images\fonts_images\,lucon_38_english.png,lucon_38_english.png,abcdefghijklmnopqrstuvwxyz,-l eng,"page_separator=""""",,,,,,,,,,,,,,,,,,,,
84,images\fonts_images\,comic_38_english.png,comic_38_english.png,abcdefghijklmnopqrstuvwxyz,-l eng,"page_separator=""""",,,,,,,,,,,,,,,,,,,,
85,images\fonts_images\,l_10646_38_english.png,l_10646_38_english.png,abcdefghijklmnopqrstuvwxyz,-l eng,"page_separator=""""",,,,,,,,,,,,,,,,,,,,
86,images\fonts_images\,consola_38_english.png,consola_38_english.png,abcdefghijklmnopqrstuvwxyz,-l eng,"page_separator=""""",,,,,,,,,,,,,,,,,,,,
87,images\fonts_images\,None_38_english.png,None_38_english.png,abcdefghijklmnopqrstuvwxyz,-l eng,"page_separator=""""",,,,,,,,,,,,,,,,,,,,
88,images\fonts_images\,constan_38_english.png,constan_38_english.png,abcdefghijklmnopqrstuvwxyz,-l eng,"page_separator=""""",,,,,,,,,,,,,,,,,,,,
89,images\fonts_images\,micross_38_english.png,micross_38_english.png,abcdefghijklmnopqrstuvwxyz,-l eng,"page_separator=""""",,,,,,,,,,,,,,,,,,,,
90,images\fonts_images\,corbel_38_english.png,corbel_38_english.png,abcdefghijklmnopqrstuvwxyz,-l eng,"page_separator=""""",,,,,,,,,,,,,,,,,,,,
91,images\fonts_images\,mriam_38_english.png,mriam_38_english.png,abcdefghijklmnopqrstuvwxyz,-l eng,"page_separator=""""",,,,,,,,,,,,,,,,,,,,
92,images\fonts_images\,cour_38_english.png,cour_38_english.png,abcdefghijklmnopqrstuvwxyz,-l eng,"page_separator=""""",,,,,,,,,,,,,,,,,,,,
93,images\fonts_images\,mriamc_38_english.png,mriamc_38_english.png,abcdefghijklmnopqrstuvwxyz,-l eng,"page_separator=""""",,,,,,,,,,,,,,,,,,,,
94,images\fonts_images\,david_38_english.png,david_38_english.png,abcdefghijklmnopqrstuvwxyz,-l eng,"page_separator=""""",,,,,,,,,,,,,,,,,,,,
95,images\fonts_images\,msgothic_38_english.png,msgothic_38_english.png,abcdefghijklmnopqrstuvwxyz,-l eng,"page_separator=""""",,,,,,,,,,,,,,,,,,,,
96,images\fonts_images\,davidbd_38_english.png,davidbd_38_english.png,abcdefghijklmnopqrstuvwxyz,-l eng,"page_separator=""""",,,,,,,,,,,,,,,,,,,,
97,images\fonts_images\,nrkis_38_english.png,nrkis_38_english.png,abcdefghijklmnopqrstuvwxyz,-l eng,"page_separator=""""",,,,,,,,,,,,,,,,,,,,
98,images\fonts_images\,ebrima_38_english.png,ebrima_38_english.png,abcdefghijklmnopqrstuvwxyz,-l eng,"page_separator=""""",,,,,,,,,,,,,,,,,,,,
99,images\fonts_images\,rod_38_english.png,rod_38_english.png,abcdefghijklmnopqrstuvwxyz,-l eng,"page_separator=""""",,,,,,,,,,,,,,,,,,,,
100,images\fonts_images\,FORTE_38_english.png,FORTE_38_english.png,abcdefghijklmnopqrstuvwxyz,-l eng,"page_separator=""""",,,,,,,,,,,,,,,,,,,,
101,images\fonts_images\,segoepr_38_english.png,segoepr_38_english.png,abcdefghijklmnopqrstuvwxyz,-l eng,"page_separator=""""",,,,,,,,,,,,,,,,,,,,
102,images\fonts_images\,framd_38_english.png,framd_38_english.png,abcdefghijklmnopqrstuvwxyz,-l eng,"page_separator=""""",,,,,,,,,,,,,,,,,,,,
103,images\fonts_images\,segoesc_38_english.png,segoesc_38_english.png,abcdefghijklmnopqrstuvwxyz,-l eng,"page_separator=""""",,,,,,,,,,,,,,,,,,,,
104,images\fonts_images\,frank_38_english.png,frank_38_english.png,abcdefghijklmnopqrstuvwxyz,-l eng,"page_separator=""""",,,,,,,,,,,,,,,,,,,,
105,images\fonts_images\,segoeui_38_english.png,segoeui_38_english.png,abcdefghijklmnopqrstuvwxyz,-l eng,"page_separator=""""",,,,,,,,,,,,,,,,,,,,
106,images\fonts_images\,Gabriola_38_english.png,Gabriola_38_english.png,abcdefghijklmnopqrstuvwxyz,-l eng,"page_separator=""""",,,,,,,,,,,,,,,,,,,,
107,images\fonts_images\,tahoma_38_english.png,tahoma_38_english.png,abcdefghijklmnopqrstuvwxyz,-l eng,"page_separator=""""",,,,,,,,,,,,,,,,,,,,
108,images\fonts_images\,gadugi_38_english.png,gadugi_38_english.png,abcdefghijklmnopqrstuvwxyz,-l eng,"page_separator=""""",,,,,,,,,,,,,,,,,,,,
109,images\fonts_images\,times_38_english.png,times_38_english.png,abcdefghijklmnopqrstuvwxyz,-l eng,"page_separator=""""",,,,,,,,,,,,,,,,,,,,
,,,,,,,,,,,,,,,,,,,,,,,,,,
110,images\fonts_images\,ahronbd_38_hebrew.png,ahronbd_38_hebrew.png,תשרקצפעסנמלכיטחזוהדגבא,-l heb,"page_separator=""""",,,,,,,,,,,,,,,,,,,,
111,images\fonts_images\,arial_38_hebrew.png,arial_38_hebrew.png,תשרקצפעסנמלכיטחזוהדגבא,-l heb,"page_separator=""""",,,,,,,,,,,,,,,,,,,,
112,images\fonts_images\,Gisha_38_hebrew.png,Gisha_38_hebrew.png,תשרקצפעסנמלכיטחזוהדגבא,-l heb,"page_separator=""""",,,,,,,,,,,,,,,,,,,,
113,images\fonts_images\,gishabd_38_hebrew.png,gishabd_38_hebrew.png,תשרקצפעסנמלכיטחזוהדגבא,-l heb,"page_separator=""""",,,,,,,,,,,,,,,,,,,,
114,images\fonts_images\,calibri_38_hebrew.png,calibri_38_hebrew.png,תשרקצפעסנמלכיטחזוהדגבא,-l heb,"page_separator=""""",,,,,,,,,,,,,,,,,,,,
115,images\fonts_images\,lvnm_38_hebrew.png,lvnm_38_hebrew.png,תשרקצפעסנמלכיטחזוהדגבא,-l heb,"page_separator=""""",,,,,,,,,,,,,,,,,,,,
116,images\fonts_images\,lvnmbd_38_hebrew.png,lvnmbd_38_hebrew.png,תשרקצפעסנמלכיטחזוהדגבא,-l heb,"page_separator=""""",,,,,,,,,,,,,,,,,,,,
117,images\fonts_images\,l_10646_38_hebrew.png,l_10646_38_hebrew.png,תשרקצפעסנמלכיטחזוהדגבא,-l heb,"page_separator=""""",,,,,,,,,,,,,,,,,,,,
118,images\fonts_images\,None_38_hebrew.png,None_38_hebrew.png,תשרקצפעסנמלכיטחזוהדגבא,-l heb,"page_separator=""""",,,,,,,,,,,,,,,,,,,,
119,images\fonts_images\,micross_38_hebrew.png,micross_38_hebrew.png,תשרקצפעסנמלכיטחזוהדגבא,-l heb,"page_separator=""""",,,,,,,,,,,,,,,,,,,,
120,images\fonts_images\,mriam_38_hebrew.png,mriam_38_hebrew.png,תשרקצפעסנמלכיטחזוהדגבא,-l heb,"page_separator=""""",,,,,,,,,,,,,,,,,,,,
121,images\fonts_images\,cour_38_hebrew.png,cour_38_hebrew.png,תשרקצפעסנמלכיטחזוהדגבא,-l heb,"page_separator=""""",,,,,,,,,,,,,,,,,,,,
122,images\fonts_images\,mriamc_38_hebrew.png,mriamc_38_hebrew.png,תשרקצפעסנמלכיטחזוהדגבא,-l heb,"page_separator=""""",,,,,,,,,,,,,,,,,,,,
123,images\fonts_images\,david_38_hebrew.png,david_38_hebrew.png,תשרקצפעסנמלכיטחזוהדגבא,-l heb,"page_separator=""""",,,,,,,,,,,,,,,,,,,,
124,images\fonts_images\,davidbd_38_hebrew.png,davidbd_38_hebrew.png,תשרקצפעסנמלכיטחזוהדגבא,-l heb,"page_separator=""""",,,,,,,,,,,,,,,,,,,,
125,images\fonts_images\,nrkis_38_hebrew.png,nrkis_38_hebrew.png,תשרקצפעסנמלכיטחזוהדגבא,-l heb,"page_separator=""""",,,,,,,,,,,,,,,,,,,,
126,images\fonts_images\,rod_38_hebrew.png,rod_38_hebrew.png,תשרקצפעסנמלכיטחזוהדגבא,-l heb,"page_separator=""""",,,,,,,,,,,,,,,,,,,,
127,images\fonts_images\,frank_38_hebrew.png,frank_38_hebrew.png,תשרקצפעסנמלכיטחזוהדגבא,-l heb,"page_separator=""""",,,,,,,,,,,,,,,,,,,,
128,images\fonts_images\,segoeui_38_hebrew.png,segoeui_38_hebrew.png,תשרקצפעסנמלכיטחזוהדגבא,-l heb,"page_separator=""""",,,,,,,,,,,,,,,,,,,,
129,images\fonts_images\,tahoma_38_hebrew.png,tahoma_38_hebrew.png,תשרקצפעסנמלכיטחזוהדגבא,-l heb,"page_separator=""""",,,,,,,,,,,,,,,,,,,,
130,images\fonts_images\,times_38_hebrew.png,times_38_hebrew.png,תשרקצפעסנמלכיטחזוהדגבא,-l heb,"page_separator=""""",,,,,,,,,,,,,,,,,,,,
,,,,,,,,,,,,,,,,,,,,,,,,,,
131,images\text_length_images\,one_word_image.png,Image with one word,One,-l eng,"page_separator=""""",,,,,,,,,,,,,,,,,,,,
132,images\text_length_images\,1_lines_image.png,image with one line,This is one line that is full of words,-l eng,"page_separator=""""",,,,,,,,,,,,,,,,,,,,
133,images\text_length_images\,2_lines_image.png,image with two lines,This is one line that is full of words\nThis is one line that is full of words,-l eng,"page_separator=""""",,,,,,,,,,,,,,,,,,,,
134,images\text_length_images\,4_lines_image.png,image with four lines,This is one line that is full of words\nThis is one line that is full of words\nThis is one line that is full of words\nThis is one line that is full of words,-l eng,"page_separator=""""",,,,,,,,,,,,,,,,,,,,
135,images\text_length_images\,11_lines_image.png,image with 11 lines,This is one line that is full of words\nThis is one line that is full of words\nThis is one line that is full of words\nThis is one line that is full of words\nThis is one line that is full of words\nThis is one line that is full of words\nThis is one line that is full of words\nThis is one line that is full of words\nThis is one line that is full of words\nThis is one line that is full of words\nThis is one line that is full of words,-l eng,"page_separator=""""",,,,,,,,,,,,,,,,,,,,
136,images\text_length_images\,12_lines_image.png,image with 12 lines,This is one line that is full of words\nThis is one line that is full of words\nThis is one line that is full of words\nThis is one line that is full of words\nThis is one line that is full of words\nThis is one line that is full of words\nThis is one line that is full of words\nThis is one line that is full of words\nThis is one line that is full of words\nThis is one line that is full of words\nThis is one line that is full of words\nThis is one line that is full of words,-l eng,"page_separator=""""",,,,,,,,,,,,,,,,,,,,
,,,,,,,,,,,,,,,,,,,,,,,,,,
137,images\position_images\,position_1.png,image in position 1,This is a test\nto check the\n\nposition of the text,-l eng,"page_separator=""""",,,,,,,,,,,,,,,,,,,,
138,images\position_images\,position_2.png,image in position 2,This is a test\nto check the\n\nposition of the text,-l eng,"page_separator=""""",,,,,,,,,,,,,,,,,,,,
139,images\position_images\,position_3.png,image in position 3,This is a test\nto check the\n\nposition of the text,-l eng,"page_separator=""""",,,,,,,,,,,,,,,,,,,,
140,images\position_images\,position_4.png,image in position 4,This is a test\nto check the\n\nposition of the text,-l eng,"page_separator=""""",,,,,,,,,,,,,,,,,,,,
141,images\position_images\,position_5.png,image in position 5,This is a test\nto check the\n\nposition of the text,-l eng,"page_separator=""""",,,,,,,,,,,,,,,,,,,,
142,images\position_images\,position_6.png,image in position 6,This is a test\nto check the\n\nposition of the text,-l eng,"page_separator=""""",,,,,,,,,,,,,,,,,,,,
143,images\position_images\,position_7.png,image in position 7,This is a test\nto check the\n\nposition of the text,-l eng,"page_separator=""""",,,,,,,,,,,,,,,,,,,,
144,images\position_images\,position_8.png,image in position 8,This is a test\nto check the\n\nposition of the text,-l eng,"page_separator=""""",,,,,,,,,,,,,,,,,,,,
145,images\position_images\,position_9.png,image in position 9,This is a test\nto check the\n\nposition of the text,-l eng,"page_separator=""""",,,,,,,,,,,,,,,,,,,,
,,,,,,,,,,,,,,,,,,,,,,,,,,
146,images\position_images\,rot_90.png,image rotated 90 deg,This is a test\n\nto check the\n\nposition of the text,-l eng,"page_separator=""""",,,,,,,,,,,,,,,,,,,,
147,images\position_images\,rot_180.png,image rotated 180 deg,This is a test\n\nto check the\n\nposition of the text,-l eng,"page_separator=""""",,,,,,,,,,,,,,,,,,,,
148,images\position_images\,rot_270.png,image rotated 270 deg,This is a test\n\nto check the\n\nposition of the text,-l eng,"page_separator=""""",,,,,,,,,,,,,,,,,,,,
,,,,,,,,,,,,,,,,,,,,,,,,,,
149,images\language_images\,numbers_image.png,image containing numbers,1234567890,-l eng,"page_separator=""""",,,,,,,,,,,,,,,,,,,,
150,images\language_images\,symbols_image.png,image containing symbols,"!@#$%^&*()-_=+?.,",-l eng,"page_separator=""""",,,,,,,,,,,,,,,,,,,,
151,images\language_images\,english_alphabets_lower.png,image containing lower english alphabets,abcdefghijklmnopqrstuvwxyz,-l eng,"page_separator=""""",,,,,,,,,,,,,,,,,,,,
152,images\language_images\,english_alphabets_upper.png,image containing upper english alphabets,ABCDEFGHIJKLMNOPQRSTUVWXYZ,-l eng,"page_separator=""""",,,,,,,,,,,,,,,,,,,,
,,,,,,,,,,,,,,,,,,,,,,,,,,
153,images\language_images\,spanish_alphabets_lower.png,spanish alphabets lower,abcdefghijklmnopqrstuvwxyzñáéíóú,-l spa,"page_separator=""""",,,,,,,,,,,,,,,,,,,,
154,images\language_images\,spanish_alphabets_upper.png,spanish alphabets upper,ABCDEFGHIJKLMNOPQRSTUVWXYZ ÑÁÉÍÓÚ,-l spa,"page_separator=""""",,,,,,,,,,,,,,,,,,,,
155,images\language_images\,spanish_accent.png,spanish accent words,"qué, cómo, dóndé, por qué, quién, cuánto, cuántos",-l spa,"page_separator=""""",,,,,,,,,,,,,,,,,,,,
156,images\language_images\,spanish_question.png,spanish question mark,¿Cuándo estudias español?,-l spa,"page_separator=""""",,,,,,,,,,,,,,,,,,,,
157,images\language_images\,swedish_alphabets_lower.png,swedish alphabets lower,abcdefghijklmnopqrstuvwxyzåäö,-l swe,"page_separator=""""",,,,,,,,,,,,,,,,,,,,
158,images\language_images\,swedish_alphabets_upper.png,swedish alphabets upper,ABCDEFGHIJKLMNOPQRSTUVWXYZ ÅÄÖ,-l swe,"page_separator=""""",,,,,,,,,,,,,,,,,,,,
159,images\language_images\,swedish_sentence_1.png,swedish sentence,Jag har hört så mycket om dig.,-l swe,"page_separator=""""",,,,,,,,,,,,,,,,,,,,
160,images\language_images\,swedish_sentence_2.png,swedish sentence,Jag förstår perfekt.,-l swe,"page_separator=""""",,,,,,,,,,,,,,,,,,,,
161,images\language_images\,hebrew_alphabets.png,Hebrew alphabets,תשרקצפעסנמלכיטחזוהדגבא,-l heb,"page_separator=""""",,,,,,,,,,,,,,,,,,,,
162,images\language_images\,hebrew_sentence.png,hebrew sentence,",הנתשת איהש הפצמ ימיטפואה ,חורה לע ןנולתמ ימיספה\n\nםאתהב שרפמה תא ןווכמ םכחה",-l heb,"page_separator=""""",,,,,,,,,,,,,,,,,,,,
,,,,,,,,,,,,,,,,,,,,,,,,,,
163,images\line_word_spacing\,0_word_spaces.png,0_word_spaces.png,Hello World,-l eng,"page_separator=""""",,,,,,,,,,,,,,,,,,,,
164,images\line_word_spacing\,4_word_spaces.png,4_word_spaces.png,Hello World,-l eng,"page_separator=""""",,,,,,,,,,,,,,,,,,,,
165,images\line_word_spacing\,8_word_spaces.png,8_word_spaces.png,Hello World,-l eng,"page_separator=""""",,,,,,,,,,,,,,,,,,,,
166,images\line_word_spacing\,4_line_spaces.png,4_line_spaces.png,Hello World,-l eng,"page_separator=""""",,,,,,,,,,,,,,,,,,,,
167,images\line_word_spacing\,8_line_spaces.png,8_line_spaces.png,Hello World,-l eng,"page_separator=""""",,,,,,,,,,,,,,,,,,,,
,,,,,,,,,,,,,,,,,,,,,,,,,,
168,images\,empty_image,empty image,,-l eng,"page_separator=""""",,,,,,,,,,,,,,,,,,,,
169,images\text_length_images\,12_lines_image.png,full image,This is one line that is full of words\nThis is one line that is full of words\nThis is one line that is full of words\nThis is one line that is full of words\nThis is one line that is full of words\nThis is one line that is full of words\nThis is one line that is full of words\nThis is one line that is full of words\nThis is one line that is full of words\nThis is one line that is full of words\nThis is one line that is full of words\nThis is one line that is full of words\n,-l eng,"page_separator=""""",,,,,,,,,,,,,,,,,,,,
,,,,,,,,,,,,,,,,,,,,,,,,,,
170,images\font_size_combinations\,sizes_14_11.png,image with different font sizes,This is the big text!\nThis is the small text!,-l eng,"page_separator=""""",,,,,,,,,,,,,,,,,,,,
171,images\font_size_combinations\,sizes_16_11.png,image with different font sizes,This is the big text!\nThis is the small text!,-l eng,"page_separator=""""",,,,,,,,,,,,,,,,,,,,
172,images\font_size_combinations\,sizes_18_11.png,image with different font sizes,This is the big text!\nThis is the small text!,-l eng,"page_separator=""""",,,,,,,,,,,,,,,,,,,,
173,images\font_size_combinations\,sizes_20_11.png,image with different font sizes,This is the big text!\nThis is the small text!,-l eng,"page_separator=""""",,,,,,,,,,,,,,,,,,,,
174,images\font_size_combinations\,sizes_11_14.png,image with different font sizes,This is the small text!\nThis is the big text!,-l eng,"page_separator=""""",,,,,,,,,,,,,,,,,,,,
175,images\font_size_combinations\,sizes_11_16.png,image with different font sizes,This is the small text!\nThis is the big text!,-l eng,"page_separator=""""",,,,,,,,,,,,,,,,,,,,
176,images\font_size_combinations\,sizes_11_18.png,image with different font sizes,This is the small text!\nThis is the big text!,-l eng,"page_separator=""""",,,,,,,,,,,,,,,,,,,,
177,images\font_size_combinations\,sizes_11_20.png,image with different font sizes,This is the small text!\nThis is the big text!,-l eng,"page_separator=""""",,,,,,,,,,,,,,,,,,,,
178,images\font_size_combinations\,small_big_sizes.png,image with different font sizes,really small!\nREALLY BIG!,-l eng,"page_separator=""""",,,,,,,,,,,,,,,,,,,,
,,,,,,,,,,,,,,,,,,,,,,,,,,
179,images\fonts_combinations\,arial_and_times.png,image with different fonts,Upper text\nLower text,-l eng,"page_separator=""""",,,,,,,,,,,,,,,,,,,,
180,images\fonts_combinations\,times_and_tahoma.png,image with different fonts,Upper text\nLower text,-l eng,"page_separator=""""",,,,,,,,,,,,,,,,,,,,
181,images\fonts_combinations\,tahoma_and_georgia.png,image with different fonts,Upper text\nLower text,-l eng,"page_separator=""""",,,,,,,,,,,,,,,,,,,,
182,images\fonts_combinations\,georgia_and_cour.png,image with different fonts,Upper text\nLower text,-l eng,"page_separator=""""",,,,,,,,,,,,,,,,,,,,
183,images\fonts_combinations\,cour_and_FORTE.png,image with different fonts,Upper text\nLower text,-l eng,"page_separator=""""",,,,,,,,,,,,,,,,,,,,
,,,,,,,,,,,,,,,,,,,,,,,,,,
184,images\language_combinations\,english_and_spanish.png,image with different languages,I can speak english.\n¿Cuándo estudias español?,-l eng+spa,"page_separator=""""",,,,,,,,,,,,,,,,,,,,
185,images\language_combinations\,english_and_spanish.png,image with different languages,I can speak english.\n¿Cuándo estudias español?,-l spa+eng,"page_separator=""""",,,,,,,,,,,,,,,,,,,,
186,images\language_combinations\,english_and_swedish.png,image with different languages,I can speak english.\nJag har hört så mycket om dig.,-l eng+swe,"page_separator=""""",,,,,,,,,,,,,,,,,,,,
187,images\language_combinations\,english_and_swedish.png,image with different languages,I can speak english.\nJag har hört så mycket om dig.,-l swe+eng,"page_separator=""""",,,,,,,,,,,,,,,,,,,,
188,images\language_combinations\,spanish_and_swedish.png,image with different languages,¿Cuándo estudias español?\nJag har hört så mycket om dig.,-l spa+swe,"page_separator=""""",,,,,,,,,,,,,,,,,,,,
189,images\language_combinations\,spanish_and_swedish.png,image with different languages,¿Cuándo estudias español?\nJag har hört så mycket om dig.,-l swe+spa,"page_separator=""""",,,,,,,,,,,,,,,,,,,,
190,images\language_combinations\,english_spanish_swedish,image with different languages,I can speak english.\n¿Cuándo estudias español?\nJag har hört så mycket om dig.,-l eng+spa+swe,"page_separator=""""",,,,,,,,,,,,,,,,,,,,
191,images\language_combinations\,english_spanish_swedish,image with different languages,I can speak english.\n¿Cuándo estudias español?\nJag har hört så mycket om dig.,-l eng+swe+spa,"page_separator=""""",,,,,,,,,,,,,,,,,,,,
192,images\language_combinations\,english_spanish_swedish,image with different languages,I can speak english.\n¿Cuándo estudias español?\nJag har hört så mycket om dig.,-l spa+eng+swe,"page_separator=""""",,,,,,,,,,,,,,,,,,,,
193,images\language_combinations\,english_spanish_swedish,image with different languages,I can speak english.\n¿Cuándo estudias español?\nJag har hört så mycket om dig.,-l spa+swe+eng,"page_separator=""""",,,,,,,,,,,,,,,,,,,,
,,,,,,,,,,,,,,,,,,,,,,,,,,
,,,,,,,,,,,,,,,,,,,,,,,,,,
194,images\fonts_images\,ariblk_38_english.png,configuration parameters test,bcdefghijklmnopqrstuvwxyz,-l eng,"page_separator=""""","tessedit_char_blacklist=""a""",,,,,,,,,,,,,,,,,,,
195,images\fonts_images\,ariblk_38_english.png,configuration parameters test,abcdefghijlmnopqrstuvwxyz,-l eng,"page_separator=""""","tessedit_char_blacklist=""k""",,,,,,,,,,,,,,,,,,,
196,images\fonts_images\,ariblk_38_english.png,configuration parameters test,bcdfghijlnopqstuvwxyz,-l eng,"page_separator=""""","tessedit_char_blacklist=""karem""",,,,,,,,,,,,,,,,,,,
197,images\fonts_images\,ariblk_38_english.png,configuration parameters test,bcdfghijlnopqstuvwxyz,-l eng,"page_separator=""""","tessedit_char_blacklist=""kareem""",,,,,,,,,,,,,,,,,,,
198,images\fonts_images\,ariblk_38_english.png,configuration parameters test,m,-l eng,"page_separator=""""","tessedit_char_blacklist=""abcdefghijklnopqrstuvwxyz""",,,,,,,,,,,,,,,,,,,
199,images\config_images\,english_28_letters_double.png,configuration parameters test,bcdfghijlnopqstuvwxyzbcdfghijlnopqstuvwxyz,-l eng,"page_separator=""""","tessedit_char_blacklist=""karem""",,,,,,,,,,,,,,,,,,,
200,images\text_length_images\,12_lines_image.png,configuration parameters test,This is ne line that is full f wrds\nThis is ne line that is full f wrds\nThis is ne line that is full f wrds\nThis is ne line that is full f wrds\nThis is ne line that is full f wrds\nThis is ne line that is full f wrds\nThis is ne line that is full f wrds\nThis is ne line that is full f wrds\nThis is ne line that is full f wrds\nThis is ne line that is full f wrds\nThis is ne line that is full f wrds\nThis is ne line that is full f wrds,-l eng,"page_separator=""""","tessedit_char_blacklist=""o""",,,,,,,,,,,,,,,,,,,
201,images\config_images\,english_28_letters_double.png,configuration parameters test,abcdefghijklmnopqrstuvwxyzabcdefghijklmnopqrstuvwxyz,-l eng,"page_separator=""""","tessedit_char_unblacklist=""m""",,,,,,,,,,,,,,,,,,,
202,images\config_images\,english_28_letters_double.png,configuration parameters test,abcdefghijklmnopqrstuvwxyzabcdefghijklmnopqrstuvwxyz,-l eng,"page_separator=""""","tessedit_char_unblacklist=""mosa""",,,,,,,,,,,,,,,,,,,
203,images\config_images\,english_28_letters_double.png,configuration parameters test,abcdefghijklmnopqrstuvwxyzabcdefghijklmnopqrstuvwxyz,-l eng,"page_separator=""""","tessedit_char_unblacklist=""abcdefghijklmnopqrstuvwxyz""",,,,,,,,,,,,,,,,,,,
204,images\config_images\,english_28_letters_double.png,configuration parameters test,abcdefghijlmnopqrstuvwxyzabcdefghijlmnopqrstuvwxyz,-l eng,"page_separator=""""","tessedit_char_unblacklist=""m""","tessedit_char_blacklist=""k""",,,,,,,,,,,,,,,,,,
205,images\config_images\,english_28_letters_double.png,configuration parameters test,abcdefghijklmnopqrstuvwxyzabcdefghijklmnopqrstuvwxyz,-l eng,"page_separator=""""","tessedit_char_unblacklist=""m""","tessedit_char_blacklist=""m""",,,,,,,,,,,,,,,,,,
206,images\config_images\,english_28_letters_double.png,configuration parameters test,bcdefghijklmnpqrtuvwxyzbcdefghijklmnpqrtuvwxyz,-l eng,"page_separator=""""","tessedit_char_unblacklist=""m""","tessedit_char_blacklist=""mosa""",,,,,,,,,,,,,,,,,,
207,images\config_images\,english_28_letters_double.png,configuration parameters test,mm,-l eng,"page_separator=""""","tessedit_char_unblacklist=""m""","tessedit_char_blacklist=""abcdefghijklmnopqrstuvwxyz""",,,,,,,,,,,,,,,,,,
208,images\config_images\,english_28_letters_double.png,configuration parameters test,aekmraekmr,-l eng,"page_separator=""""","tessedit_char_unblacklist=""karem""","tessedit_char_blacklist=""abcdefghijklmnopqrstuvwxyz""",,,,,,,,,,,,,,,,,,
209,images\config_images\,english_28_letters_double.png,configuration parameters test,abcdefghijklmnopqrstuvwxyzabcdefghijklmnopqrstuvwxyz,-l eng,"page_separator=""""","tessedit_char_unblacklist=""abcdefghijklmnopqrstuvwxyz""","tessedit_char_blacklist=""karemos""",,,,,,,,,,,,,,,,,,
210,images\config_images\,english_28_letters_double.png,configuration parameters test,aekmraekmr,-l eng,"page_separator=""""","tessedit_char_whitelist=""karem""",,,,,,,,,,,,,,,,,,,
211,images\config_images\,english_28_letters_double.png,configuration parameters test,abcdefghijklmnopqrstuvwxyzabcdefghijklmnopqrstuvwxyz,-l eng,"page_separator=""""","tessedit_char_whitelist=""abcdefghijklmnopqrstuvwxyz""",,,,,,,,,,,,,,,,,,,
212,images\config_images\,english_28_letters_double.png,configuration parameters test,bcdefghijklnpqrtuvwxyzbcdefghijklnpqrtuvwxyz,-l eng,"page_separator=""""","tessedit_char_whitelist=""abcdefghijklmnopqrstuvwxyz""","tessedit_char_blacklist=""mosa""",,,,,,,,,,,,,,,,,,
213,images\config_images\,english_28_letters_double.png,configuration parameters test,amosamos,-l eng,"page_separator=""""","tessedit_char_whitelist=""mosa""","tessedit_char_blacklist=""bcdefghijklnpqrtuvwxyz""",,,,,,,,,,,,,,,,,,
214,images\config_images\,english_28_letters_double.png,configuration parameters test,abcdefghijklmnopqrstuvwxyzabcdefghijklmnopqrstuvwxyz,-l eng,"page_separator=""""","tessedit_char_whitelist=""karem""","tessedit_char_blacklist=""karem""",,,,,,,,,,,,,,,,,,
215,images\config_images\,english_28_letters_double.png,configuration parameters test,amosamos,-l eng,"page_separator=""""","tessedit_char_whitelist=""mosa""","tessedit_char_blacklist=""bcdefghijklnpqrtuvwxyz""",,,,,,,,,,,,,,,,,,
216,images\config_images\,english_28_letters_double.png,configuration parameters test,amosamos,-l eng,"page_separator=""""","tessedit_char_whitelist=""mosa""","tessedit_char_unblacklist=""kfc""",,,,,,,,,,,,,,,,,,
217,images\config_images\,english_28_letters_double.png,configuration parameters test,amosamos,-l eng,"page_separator=""""","tessedit_char_whitelist=""mosa""","tessedit_char_unblacklist=""karemos""",,,,,,,,,,,,,,,,,,
218,images\page_seprator_tools\,basic_test.txt,configuration parameters test,This is a test for the font size\naaaaaaaaaaThis is a test for the font size,-l eng,"page_separator=""aaaaaaaaaa""",,,,,,,,,,,,,,,,,,,,
219,images\page_seprator_tools\,complex_test.txt,configuration parameters test,One\naaaaaaaaaa\nThis is one line that is full of words\naaaaaaaaaa\nThis is one line that is full of words\nThis is one line that is full of words\naaaaaaaaaa\nThis is one line that is full of words\nThis is one line that is full of words\nThis is one line that is full of words\nThis is one line that is full of words,-l eng,"page_separator=""aaaaaaaaaa""",,,,,,,,,,,,,,,,,,,,
220,images\page_seprator_tools\,complex_test.txt,configuration parameters test,One\n\nThis is one line tht is full of words\n\nThis is one line tht is full of \nThis is one line tht is full of words\n\nThis is one line tht is full of words\nThis is one line tht is full of words\nThis is one line tht is full of words\nThis is one line th t is full of words,-l eng,"page_separator=""aaaaaaaaaa""","tessedit_char_blacklist=""a""",,,,,,,,,,,,,,,,,,,
221,images\page_seprator_tools\,complex_test.txt,configuration parameters test,One\nawawwaaa waaa awwwa wwa ww aawwwaa awwwaw awwwawawawawaaawawaw awaaawaw awawaawaawawawawawawaawawaawaawawawawaaawawaawawawawawwaawawwaawawawwaawawawaw\nThis is one line that is full of words awawwaaa waaa awwwa wwa ww aawwwaa awwwaw awwwawawawawaaawawaw awaaawaw awawaawaawawawawawawaawawaawaawawawawaaawawaawawawawawwaawawwaawawawwaawawawaw\nThis is one line that is full of words\nThis is one line that is full of words\nawawwaaa waaa awwwa wwa ww aawwwaa awwwaw awwwawawawawaaawawaw awaaawaw awawaawaawawawawawawaawawaawaawawawawaaawawaawawawawawwaawawwaawawawwaawawawaw\nThis is one line that is full of words\nThis is one line that is full of words\nThis is one line that is full of words\nThis is one line that is full of words,-l eng,"page_separator=""awawwaaa waaa awwwa wwa ww aawwwaa awwwaw awwwawawawawaaawawaw awaaawaw awawaawaawawawawawawaawawaawaawawawawaaawawaawawawawawwaawawwaawawawwaawawawaw""",,,,,,,,,,,,,,,,,,,,
222,images\page_seprator_tools\,complex_test.txt,configuration parameters test,One\n\nThis is one line tht is full of ors\n\nThis is one line tht is full of ors\nThis is one line tht is full of ors\n\nThis is one line tht is full of ors\nThis is one line tht is full of ors\nThis is one line tht is full of ors\nThis is one line tht is full of ors,-l eng,"page_separator=""aaaaaaaaaa""","tessedit_char_whitelist=""thisfulineo""",,,,,,,,,,,,,,,,,,,
,,,,,,,,,,,,,,,,,,,,,,,,,,
,,,,,,,,,,,,,,,,,,,,,,,,,,
,,,,,,,,,,,,,,,,,,,,,,,,,,
,,,,,,,,,,,,,,,,,,,,,,,,,,
,,,,,,,,,,,,,,,,,,,,,,,,,,
,,,,,,,,,,,,,,,,,,,,,,,,,,
,,,,,,,,,,,,,,,,,,,,,,,,,,
,,,,,,,,,,,,,,,,,,,,,,,,,,
,,,,,,,,,,,,,,,,,,,,,,,,,,
,,,,,,,,,,,,,,,,,,,,,,,,,,
,,,,,,,,,,,,,,,,,,,,,,,,,,
,,,,,,,,,,,,,,,,,,,,,,,,,,
,,,,,,,,,,,,,,,,,,,,,,,,,,
,,,,,,,,,,,,,,,,,,,,,,,,,,
,,,,,,,,,,,,,,,,,,,,,,,,,,
,,,,,,,,,,,,,,,,,,,,,,,,,,
,,,,,,,,,,,,,,,,,,,,,,,,,,
,,,,,,,,,,,,,,,,,,,,,,,,,,
,,,,,,,,,,,,,,,,,,,,,,,,,,
,,,,,,,,,,,,,,,,,,,,,,,,,,
,,,,,,,,,,,,,,,,,,,,,,,,,,
,,,,,,,,,,,,,,,,,,,,,,,,,,
,,,,,,,,,,,,,,,,,,,,,,,,,,
,,,,,,,,,,,,,,,,,,,,,,,,,,
,,,,,,,,,,,,,,,,,,,,,,,,,,
,,,,,,,,,,,,,,,,,,,,,,,,,,
,,,,,,,,,,,,,,,,,,,,,,,,,,
,,,,,,,,,,,,,,,,,,,,,,,,,,
,,,,,,,,,,,,,,,,,,,,,,,,,,
,,,,,,,,,,,,,,,,,,,,,,,,,,
,,,,,,,,,,,,,,,,,,,,,,,,,,
,,,,,,,,,,,,,,,,,,,,,,,,,,
,,,,,,,,,,,,,,,,,,,,,,,,,,
,,,,,,,,,,,,,,,,,,,,,,,,,,
,,,,,,,,,,,,,,,,,,,,,,,,,,
,,,,,,,,,,,,,,,,,,,,,,,,,,
,,,,,,,,,,,,,,,,,,,,,,,,,,
,,,,,,,,,,,,,,,,,,,,,,,,,,
,,,,,,,,,,,,,,,,,,,,,,,,,,
,,,,,,,,,,,,,,,,,,,,,,,,,,
,,,,,,,,,,,,,,,,,,,,,,,,,,
,,,,,,,,,,,,,,,,,,,,,,,,,,
,,,,,,,,,,,,,,,,,,,,,,,,,,
,,,,,,,,,,,,,,,,,,,,,,,,,,
,,,,,,,,,,,,,,,,,,,,,,,,,,
,,,,,,,,,,,,,,,,,,,,,,,,,,
,,,,,,,,,,,,,,,,,,,,,,,,,,
,,,,,,,,,,,,,,,,,,,,,,,,,,
,,,,,,,,,,,,,,,,,,,,,,,,,,
,,,,,,,,,,,,,,,,,,,,,,,,,,
,,,,,,,,,,,,,,,,,,,,,,,,,,
,,,,,,,,,,,,,,,,,,,,,,,,,,
,,,,,,,,,,,,,,,,,,,,,,,,,,
,,,,,,,,,,,,,,,,,,,,,,,,,,
,,,,,,,,,,,,,,,,,,,,,,,,,,
,,,,,,,,,,,,,,,,,,,,,,,,,,
,,,,,,,,,,,,,,,,,,,,,,,,,,
,,,,,,,,,,,,,,,,,,,,,,,,,,
,,,,,,,,,,,,,,,,,,,,,,,,,,
,,,,,,,,,,,,,,,,,,,,,,,,,,
,,,,,,,,,,,,,,,,,,,,,,,,,,
,,,,,,,,,,,,,,,,,,,,,,,,,,
,,,,,,,,,,,,,,,,,,,,,,,,,,
,,,,,,,,,,,,,,,,,,,,,,,,,,
,,,,,,,,,,,,,,,,,,,,,,,,,,
,,,,,,,,,,,,,,,,,,,,,,,,,,
,,,,,,,,,,,,,,,,,,,,,,,,,,
,,,,,,,,,,,,,,,,,,,,,,,,,,
,,,,,,,,,,,,,,,,,,,,,,,,,,
,,,,,,,,,,,,,,,,,,,,,,,,,,
,,,,,,,,,,,,,,,,,,,,,,,,,,
,,,,,,,,,,,,,,,,,,,,,,,,,,
,,,,,,,,,,,,,,,,,,,,,,,,,,
,,,,,,,,,,,,,,,,,,,,,,,,,,
,,,,,,,,,,,,,,,,,,,,,,,,,,
,,,,,,,,,,,,,,,,,,,,,,,,,,
,,,,,,,,,,,,,,,,,,,,,,,,,,
,,,,,,,,,,,,,,,,,,,,,,,,,,
,,,,,,,,,,,,,,,,,,,,,,,,,,
,,,,,,,,,,,,,,,,,,,,,,,,,,
,,,,,,,,,,,,,,,,,,,,,,,,,,
,,,,,,,,,,,,,,,,,,,,,,,,,,
,,,,,,,,,,,,,,,,,,,,,,,,,,
,,,,,,,,,,,,,,,,,,,,,,,,,,
,,,,,,,,,,,,,,,,,,,,,,,,,,
,,,,,,,,,,,,,,,,,,,,,,,,,,
,,,,,,,,,,,,,,,,,,,,,,,,,,
,,,,,,,,,,,,,,,,,,,,,,,,,,
,,,,,,,,,,,,,,,,,,,,,,,,,,
,,,,,,,,,,,,,,,,,,,,,,,,,,
,,,,,,,,,,,,,,,,,,,,,,,,,,
,,,,,,,,,,,,,,,,,,,,,,,,,,
,,,,,,,,,,,,,,,,,,,,,,,,,,
,,,,,,,,,,,,,,,,,,,,,,,,,,
,,,,,,,,,,,,,,,,,,,,,,,,,,
,,,,,,,,,,,,,,,,,,,,,,,,,,
,,,,,,,,,,,,,,,,,,,,,,,,,,
,,,,,,,,,,,,,,,,,,,,,,,,,,
,,,,,,,,,,,,,,,,,,,,,,,,,,
,,,,,,,,,,,,,,,,,,,,,,,,,,
,,,,,,,,,,,,,,,,,,,,,,,,,,
,,,,,,,,,,,,,,,,,,,,,,,,,,
,,,,,,,,,,,,,,,,,,,,,,,,,,
,,,,,,,,,,,,,,,,,,,,,,,,,,
,,,,,,,,,,,,,,,,,,,,,,,,,,
,,,,,,,,,,,,,,,,,,,,,,,,,,
,,,,,,,,,,,,,,,,,,,,,,,,,,
,,,,,,,,,,,,,,,,,,,,,,,,,,
,,,,,,,,,,,,,,,,,,,,,,,,,,
,,,,,,,,,,,,,,,,,,,,,,,,,,
,,,,,,,,,,,,,,,,,,,,,,,,,,
,,,,,,,,,,,,,,,,,,,,,,,,,,
,,,,,,,,,,,,,,,,,,,,,,,,,,
,,,,,,,,,,,,,,,,,,,,,,,,,,
,,,,,,,,,,,,,,,,,,,,,,,,,,
,,,,,,,,,,,,,,,,,,,,,,,,,,
,,,,,,,,,,,,,,,,,,,,,,,,,,
,,,,,,,,,,,,,,,,,,,,,,,,,,
,,,,,,,,,,,,,,,,,,,,,,,,,,
,,,,,,,,,,,,,,,,,,,,,,,,,,
,,,,,,,,,,,,,,,,,,,,,,,,,,
,,,,,,,,,,,,,,,,,,,,,,,,,,
,,,,,,,,,,,,,,,,,,,,,,,,,,
,,,,,,,,,,,,,,,,,,,,,,,,,,
,,,,,,,,,,,,,,,,,,,,,,,,,,
,,,,,,,,,,,,,,,,,,,,,,,,,,
,,,,,,,,,,,,,,,,,,,,,,,,,,
,,,,,,,,,,,,,,,,,,,,,,,,,,
,,,,,,,,,,,,,,,,,,,,,,,,,,
,,,,,,,,,,,,,,,,,,,,,,,,,,
,,,,,,,,,,,,,,,,,,,,,,,,,,
,,,,,,,,,,,,,,,,,,,,,,,,,,
,,,,,,,,,,,,,,,,,,,,,,,,,,
,,,,,,,,,,,,,,,,,,,,,,,,,,
,,,,,,,,,,,,,,,,,,,,,,,,,,
,,,,,,,,,,,,,,,,,,,,,,,,,,
,,,,,,,,,,,,,,,,,,,,,,,,,,
,,,,,,,,,,,,,,,,,,,,,,,,,,
,,,,,,,,,,,,,,,,,,,,,,,,,,
,,,,,,,,,,,,,,,,,,,,,,,,,,
,,,,,,,,,,,,,,,,,,,,,,,,,,
,,,,,,,,,,,,,,,,,,,,,,,,,,
,,,,,,,,,,,,,,,,,,,,,,,,,,
,,,,,,,,,,,,,,,,,,,,,,,,,,
,,,,,,,,,,,,,,,,,,,,,,,,,,
,,,,,,,,,,,,,,,,,,,,,,,,,,
,,,,,,,,,,,,,,,,,,,,,,,,,,
,,,,,,,,,,,,,,,,,,,,,,,,,,
,,,,,,,,,,,,,,,,,,,,,,,,,,
,,,,,,,,,,,,,,,,,,,,,,,,,,
,,,,,,,,,,,,,,,,,,,,,,,,,,
,,,,,,,,,,,,,,,,,,,,,,,,,,
,,,,,,,,,,,,,,,,,,,,,,,,,,
,,,,,,,,,,,,,,,,,,,,,,,,,,
,,,,,,,,,,,,,,,,,,,,,,,,,,
,,,,,,,,,,,,,,,,,,,,,,,,,,
,,,,,,,,,,,,,,,,,,,,,,,,,,
,,,,,,,,,,,,,,,,,,,,,,,,,,
,,,,,,,,,,,,,,,,,,,,,,,,,,
,,,,,,,,,,,,,,,,,,,,,,,,,,
,,,,,,,,,,,,,,,,,,,,,,,,,,
,,,,,,,,,,,,,,,,,,,,,,,,,,
,,,,,,,,,,,,,,,,,,,,,,,,,,
,,,,,,,,,,,,,,,,,,,,,,,,,,
,,,,,,,,,,,,,,,,,,,,,,,,,,
,,,,,,,,,,,,,,,,,,,,,,,,,,
,,,,,,,,,,,,,,,,,,,,,,,,,,
,,,,,,,,,,,,,,,,,,,,,,,,,,
,,,,,,,,,,,,,,,,,,,,,,,,,,
,,,,,,,,,,,,,,,,,,,,,,,,,,
,,,,,,,,,,,,,,,,,,,,,,,,,,
,,,,,,,,,,,,,,,,,,,,,,,,,,
,,,,,,,,,,,,,,,,,,,,,,,,,,
,,,,,,,,,,,,,,,,,,,,,,,,,,
,,,,,,,,,,,,,,,,,,,,,,,,,,
,,,,,,,,,,,,,,,,,,,,,,,,,,
,,,,,,,,,,,,,,,,,,,,,,,,,,
,,,,,,,,,,,,,,,,,,,,,,,,,,
,,,,,,,,,,,,,,,,,,,,,,,,,,
,,,,,,,,,,,,,,,,,,,,,,,,,,
,,,,,,,,,,,,,,,,,,,,,,,,,,
,,,,,,,,,,,,,,,,,,,,,,,,,,
,,,,,,,,,,,,,,,,,,,,,,,,,,
,,,,,,,,,,,,,,,,,,,,,,,,,,
,,,,,,,,,,,,,,,,,,,,,,,,,,
,,,,,,,,,,,,,,,,,,,,,,,,,,
,,,,,,,,,,,,,,,,,,,,,,,,,,
,,,,,,,,,,,,,,,,,,,,,,,,,,
,,,,,,,,,,,,,,,,,,,,,,,,,,
,,,,,,,,,,,,,,,,,,,,,,,,,,
,,,,,,,,,,,,,,,,,,,,,,,,,,
,,,,,,,,,,,,,,,,,,,,,,,,,,
,,,,,,,,,,,,,,,,,,,,,,,,,,
,,,,,,,,,,,,,,,,,,,,,,,,,,
,,,,,,,,,,,,,,,,,,,,,,,,,,
,,,,,,,,,,,,,,,,,,,,,,,,,,
,,,,,,,,,,,,,,,,,,,,,,,,,,
,,,,,,,,,,,,,,,,,,,,,,,,,,
,,,,,,,,,,,,,,,,,,,,,,,,,,
,,,,,,,,,,,,,,,,,,,,,,,,,,
,,,,,,,,,,,,,,,,,,,,,,,,,,
,,,,,,,,,,,,,,,,,,,,,,,,,,
,,,,,,,,,,,,,,,,,,,,,,,,,,
,,,,,,,,,,,,,,,,,,,,,,,,,,
,,,,,,,,,,,,,,,,,,,,,,,,,,
,,,,,,,,,,,,,,,,,,,,,,,,,,
,,,,,,,,,,,,,,,,,,,,,,,,,,
,,,,,,,,,,,,,,,,,,,,,,,,,,
,,,,,,,,,,,,,,,,,,,,,,,,,,
,,,,,,,,,,,,,,,,,,,,,,,,,,
,,,,,,,,,,,,,,,,,,,,,,,,,,
,,,,,,,,,,,,,,,,,,,,,,,,,,
,,,,,,,,,,,,,,,,,,,,,,,,,,
,,,,,,,,,,,,,,,,,,,,,,,,,,
,,,,,,,,,,,,,,,,,,,,,,,,,,
,,,,,,,,,,,,,,,,,,,,,,,,,,
,,,,,,,,,,,,,,,,,,,,,,,,,,
,,,,,,,,,,,,,,,,,,,,,,,,,,
,,,,,,,,,,,,,,,,,,,,,,,,,,
,,,,,,,,,,,,,,,,,,,,,,,,,,
,,,,,,,,,,,,,,,,,,,,,,,,,,
,,,,,,,,,,,,,,,,,,,,,,,,,,
,,,,,,,,,,,,,,,,,,,,,,,,,,
,,,,,,,,,,,,,,,,,,,,,,,,,,
,,,,,,,,,,,,,,,,,,,,,,,,,,
,,,,,,,,,,,,,,,,,,,,,,,,,,
,,,,,,,,,,,,,,,,,,,,,,,,,,
,,,,,,,,,,,,,,,,,,,,,,,,,,
,,,,,,,,,,,,,,,,,,,,,,,,,,
,,,,,,,,,,,,,,,,,,,,,,,,,,
,,,,,,,,,,,,,,,,,,,,,,,,,,
,,,,,,,,,,,,,,,,,,,,,,,,,,
,,,,,,,,,,,,,,,,,,,,,,,,,,
,,,,,,,,,,,,,,,,,,,,,,,,,,
,,,,,,,,,,,,,,,,,,,,,,,,,,
,,,,,,,,,,,,,,,,,,,,,,,,,,
,,,,,,,,,,,,,,,,,,,,,,,,,,
,,,,,,,,,,,,,,,,,,,,,,,,,,
,,,,,,,,,,,,,,,,,,,,,,,,,,
,,,,,,,,,,,,,,,,,,,,,,,,,,
,,,,,,,,,,,,,,,,,,,,,,,,,,
,,,,,,,,,,,,,,,,,,,,,,,,,,
,,,,,,,,,,,,,,,,,,,,,,,,,,
,,,,,,,,,,,,,,,,,,,,,,,,,,
,,,,,,,,,,,,,,,,,,,,,,,,,,
,,,,,,,,,,,,,,,,,,,,,,,,,,
,,,,,,,,,,,,,,,,,,,,,,,,,,
,,,,,,,,,,,,,,,,,,,,,,,,,,
,,,,,,,,,,,,,,,,,,,,,,,,,,
,,,,,,,,,,,,,,,,,,,,,,,,,,
,,,,,,,,,,,,,,,,,,,,,,,,,,
,,,,,,,,,,,,,,,,,,,,,,,,,,
,,,,,,,,,,,,,,,,,,,,,,,,,,
,,,,,,,,,,,,,,,,,,,,,,,,,,
,,,,,,,,,,,,,,,,,,,,,,,,,,
,,,,,,,,,,,,,,,,,,,,,,,,,,
,,,,,,,,,,,,,,,,,,,,,,,,,,
,,,,,,,,,,,,,,,,,,,,,,,,,,
,,,,,,,,,,,,,,,,,,,,,,,,,,
,,,,,,,,,,,,,,,,,,,,,,,,,,
,,,,,,,,,,,,,,,,,,,,,,,,,,
,,,,,,,,,,,,,,,,,,,,,,,,,,
,,,,,,,,,,,,,,,,,,,,,,,,,,
,,,,,,,,,,,,,,,,,,,,,,,,,,
,,,,,,,,,,,,,,,,,,,,,,,,,,
,,,,,,,,,,,,,,,,,,,,,,,,,,
,,,,,,,,,,,,,,,,,,,,,,,,,,
,,,,,,,,,,,,,,,,,,,,,,,,,,
,,,,,,,,,,,,,,,,,,,,,,,,,,
,,,,,,,,,,,,,,,,,,,,,,,,,,
,,,,,,,,,,,,,,,,,,,,,,,,,,
,,,,,,,,,,,,,,,,,,,,,,,,,,
,,,,,,,,,,,,,,,,,,,,,,,,,,
,,,,,,,,,,,,,,,,,,,,,,,,,,
,,,,,,,,,,,,,,,,,,,,,,,,,,
,,,,,,,,,,,,,,,,,,,,,,,,,,
,,,,,,,,,,,,,,,,,,,,,,,,,,
,,,,,,,,,,,,,,,,,,,,,,,,,,
,,,,,,,,,,,,,,,,,,,,,,,,,,
,,,,,,,,,,,,,,,,,,,,,,,,,,
,,,,,,,,,,,,,,,,,,,,,,,,,,
,,,,,,,,,,,,,,,,,,,,,,,,,,
,,,,,,,,,,,,,,,,,,,,,,,,,,
,,,,,,,,,,,,,,,,,,,,,,,,,,
,,,,,,,,,,,,,,,,,,,,,,,,,,
,,,,,,,,,,,,,,,,,,,,,,,,,,
,,,,,,,,,,,,,,,,,,,,,,,,,,
,,,,,,,,,,,,,,,,,,,,,,,,,,
,,,,,,,,,,,,,,,,,,,,,,,,,,
,,,,,,,,,,,,,,,,,,,,,,,,,,
,,,,,,,,,,,,,,,,,,,,,,,,,,
,,,,,,,,,,,,,,,,,,,,,,,,,,
,,,,,,,,,,,,,,,,,,,,,,,,,,
,,,,,,,,,,,,,,,,,,,,,,,,,,
,,,,,,,,,,,,,,,,,,,,,,,,,,
,,,,,,,,,,,,,,,,,,,,,,,,,,
,,,,,,,,,,,,,,,,,,,,,,,,,,
,,,,,,,,,,,,,,,,,,,,,,,,,,
,,,,,,,,,,,,,,,,,,,,,,,,,,
,,,,,,,,,,,,,,,,,,,,,,,,,,
,,,,,,,,,,,,,,,,,,,,,,,,,,
,,,,,,,,,,,,,,,,,,,,,,,,,,
,,,,,,,,,,,,,,,,,,,,,,,,,,
,,,,,,,,,,,,,,,,,,,,,,,,,,
,,,,,,,,,,,,,,,,,,,,,,,,,,
,,,,,,,,,,,,,,,,,,,,,,,,,,
,,,,,,,,,,,,,,,,,,,,,,,,,,
,,,,,,,,,,,,,,,,,,,,,,,,,,
,,,,,,,,,,,,,,,,,,,,,,,,,,
,,,,,,,,,,,,,,,,,,,,,,,,,,
,,,,,,,,,,,,,,,,,,,,,,,,,,
,,,,,,,,,,,,,,,,,,,,,,,,,,
,,,,,,,,,,,,,,,,,,,,,,,,,,
,,,,,,,,,,,,,,,,,,,,,,,,,,
,,,,,,,,,,,,,,,,,,,,,,,,,,
,,,,,,,,,,,,,,,,,,,,,,,,,,
,,,,,,,,,,,,,,,,,,,,,,,,,,
,,,,,,,,,,,,,,,,,,,,,,,,,,
,,,,,,,,,,,,,,,,,,,,,,,,,,
,,,,,,,,,,,,,,,,,,,,,,,,,,
,,,,,,,,,,,,,,,,,,,,,,,,,,
,,,,,,,,,,,,,,,,,,,,,,,,,,
,,,,,,,,,,,,,,,,,,,,,,,,,,
,,,,,,,,,,,,,,,,,,,,,,,,,,
,,,,,,,,,,,,,,,,,,,,,,,,,,
,,,,,,,,,,,,,,,,,,,,,,,,,,
,,,,,,,,,,,,,,,,,,,,,,,,,,
,,,,,,,,,,,,,,,,,,,,,,,,,,
,,,,,,,,,,,,,,,,,,,,,,,,,,
,,,,,,,,,,,,,,,,,,,,,,,,,,
,,,,,,,,,,,,,,,,,,,,,,,,,,
,,,,,,,,,,,,,,,,,,,,,,,,,,
,,,,,,,,,,,,,,,,,,,,,,,,,,
,,,,,,,,,,,,,,,,,,,,,,,,,,
,,,,,,,,,,,,,,,,,,,,,,,,,,
,,,,,,,,,,,,,,,,,,,,,,,,,,
,,,,,,,,,,,,,,,,,,,,,,,,,,
,,,,,,,,,,,,,,,,,,,,,,,,,,
,,,,,,,,,,,,,,,,,,,,,,,,,,
,,,,,,,,,,,,,,,,,,,,,,,,,,
,,,,,,,,,,,,,,,,,,,,,,,,,,
,,,,,,,,,,,,,,,,,,,,,,,,,,
,,,,,,,,,,,,,,,,,,,,,,,,,,
,,,,,,,,,,,,,,,,,,,,,,,,,,
,,,,,,,,,,,,,,,,,,,,,,,,,,
,,,,,,,,,,,,,,,,,,,,,,,,,,
,,,,,,,,,,,,,,,,,,,,,,,,,,
,,,,,,,,,,,,,,,,,,,,,,,,,,
,,,,,,,,,,,,,,,,,,,,,,,,,,
,,,,,,,,,,,,,,,,,,,,,,,,,,
,,,,,,,,,,,,,,,,,,,,,,,,,,
,,,,,,,,,,,,,,,,,,,,,,,,,,
,,,,,,,,,,,,,,,,,,,,,,,,,,
,,,,,,,,,,,,,,,,,,,,,,,,,,
,,,,,,,,,,,,,,,,,,,,,,,,,,
,,,,,,,,,,,,,,,,,,,,,,,,,,
,,,,,,,,,,,,,,,,,,,,,,,,,,
,,,,,,,,,,,,,,,,,,,,,,,,,,
,,,,,,,,,,,,,,,,,,,,,,,,,,
,,,,,,,,,,,,,,,,,,,,,,,,,,
,,,,,,,,,,,,,,,,,,,,,,,,,,
,,,,,,,,,,,,,,,,,,,,,,,,,,
,,,,,,,,,,,,,,,,,,,,,,,,,,
,,,,,,,,,,,,,,,,,,,,,,,,,,
,,,,,,,,,,,,,,,,,,,,,,,,,,
,,,,,,,,,,,,,,,,,,,,,,,,,,
,,,,,,,,,,,,,,,,,,,,,,,,,,
,,,,,,,,,,,,,,,,,,,,,,,,,,
,,,,,,,,,,,,,,,,,,,,,,,,,,
,,,,,,,,,,,,,,,,,,,,,,,,,,
,,,,,,,,,,,,,,,,,,,,,,,,,,
,,,,,,,,,,,,,,,,,,,,,,,,,,
,,,,,,,,,,,,,,,,,,,,,,,,,,
,,,,,,,,,,,,,,,,,,,,,,,,,,
,,,,,,,,,,,,,,,,,,,,,,,,,,
,,,,,,,,,,,,,,,,,,,,,,,,,,
,,,,,,,,,,,,,,,,,,,,,,,,,,
,,,,,,,,,,,,,,,,,,,,,,,,,,
,,,,,,,,,,,,,,,,,,,,,,,,,,
,,,,,,,,,,,,,,,,,,,,,,,,,,
,,,,,,,,,,,,,,,,,,,,,,,,,,
,,,,,,,,,,,,,,,,,,,,,,,,,,
,,,,,,,,,,,,,,,,,,,,,,,,,,
,,,,,,,,,,,,,,,,,,,,,,,,,,
,,,,,,,,,,,,,,,,,,,,,,,,,,
,,,,,,,,,,,,,,,,,,,,,,,,,,
,,,,,,,,,,,,,,,,,,,,,,,,,,
,,,,,,,,,,,,,,,,,,,,,,,,,,
,,,,,,,,,,,,,,,,,,,,,,,,,,
,,,,,,,,,,,,,,,,,,,,,,,,,,
,,,,,,,,,,,,,,,,,,,,,,,,,,
,,,,,,,,,,,,,,,,,,,,,,,,,,
,,,,,,,,,,,,,,,,,,,,,,,,,,
,,,,,,,,,,,,,,,,,,,,,,,,,,
,,,,,,,,,,,,,,,,,,,,,,,,,,
,,,,,,,,,,,,,,,,,,,,,,,,,,
,,,,,,,,,,,,,,,,,,,,,,,,,,
,,,,,,,,,,,,,,,,,,,,,,,,,,
,,,,,,,,,,,,,,,,,,,,,,,,,,
,,,,,,,,,,,,,,,,,,,,,,,,,,
,,,,,,,,,,,,,,,,,,,,,,,,,,
,,,,,,,,,,,,,,,,,,,,,,,,,,
,,,,,,,,,,,,,,,,,,,,,,,,,,
,,,,,,,,,,,,,,,,,,,,,,,,,,
,,,,,,,,,,,,,,,,,,,,,,,,,,
,,,,,,,,,,,,,,,,,,,,,,,,,,
,,,,,,,,,,,,,,,,,,,,,,,,,,
,,,,,,,,,,,,,,,,,,,,,,,,,,
,,,,,,,,,,,,,,,,,,,,,,,,,,
,,,,,,,,,,,,,,,,,,,,,,,,,,
,,,,,,,,,,,,,,,,,,,,,,,,,,
,,,,,,,,,,,,,,,,,,,,,,,,,,
,,,,,,,,,,,,,,,,,,,,,,,,,,
,,,,,,,,,,,,,,,,,,,,,,,,,,
,,,,,,,,,,,,,,,,,,,,,,,,,,
,,,,,,,,,,,,,,,,,,,,,,,,,,
,,,,,,,,,,,,,,,,,,,,,,,,,,
,,,,,,,,,,,,,,,,,,,,,,,,,,
,,,,,,,,,,,,,,,,,,,,,,,,,,
,,,,,,,,,,,,,,,,,,,,,,,,,,
,,,,,,,,,,,,,,,,,,,,,,,,,,
,,,,,,,,,,,,,,,,,,,,,,,,,,
,,,,,,,,,,,,,,,,,,,,,,,,,,
,,,,,,,,,,,,,,,,,,,,,,,,,,
,,,,,,,,,,,,,,,,,,,,,,,,,,
,,,,,,,,,,,,,,,,,,,,,,,,,,
,,,,,,,,,,,,,,,,,,,,,,,,,,
,,,,,,,,,,,,,,,,,,,,,,,,,,
,,,,,,,,,,,,,,,,,,,,,,,,,,
,,,,,,,,,,,,,,,,,,,,,,,,,,
,,,,,,,,,,,,,,,,,,,,,,,,,,
,,,,,,,,,,,,,,,,,,,,,,,,,,
,,,,,,,,,,,,,,,,,,,,,,,,,,
,,,,,,,,,,,,,,,,,,,,,,,,,,
,,,,,,,,,,,,,,,,,,,,,,,,,,
,,,,,,,,,,,,,,,,,,,,,,,,,,
,,,,,,,,,,,,,,,,,,,,,,,,,,
,,,,,,,,,,,,,,,,,,,,,,,,,,
,,,,,,,,,,,,,,,,,,,,,,,,,,
,,,,,,,,,,,,,,,,,,,,,,,,,,
,,,,,,,,,,,,,,,,,,,,,,,,,,
,,,,,,,,,,,,,,,,,,,,,,,,,,
,,,,,,,,,,,,,,,,,,,,,,,,,,
,,,,,,,,,,,,,,,,,,,,,,,,,,
,,,,,,,,,,,,,,,,,,,,,,,,,,
,,,,,,,,,,,,,,,,,,,,,,,,,,
,,,,,,,,,,,,,,,,,,,,,,,,,,
,,,,,,,,,,,,,,,,,,,,,,,,,,
,,,,,,,,,,,,,,,,,,,,,,,,,,
,,,,,,,,,,,,,,,,,,,,,,,,,,
,,,,,,,,,,,,,,,,,,,,,,,,,,
,,,,,,,,,,,,,,,,,,,,,,,,,,
,,,,,,,,,,,,,,,,,,,,,,,,,,
,,,,,,,,,,,,,,,,,,,,,,,,,,
,,,,,,,,,,,,,,,,,,,,,,,,,,
,,,,,,,,,,,,,,,,,,,,,,,,,,
,,,,,,,,,,,,,,,,,,,,,,,,,,
,,,,,,,,,,,,,,,,,,,,,,,,,,
,,,,,,,,,,,,,,,,,,,,,,,,,,
,,,,,,,,,,,,,,,,,,,,,,,,,,
,,,,,,,,,,,,,,,,,,,,,,,,,,
,,,,,,,,,,,,,,,,,,,,,,,,,,
,,,,,,,,,,,,,,,,,,,,,,,,,,
,,,,,,,,,,,,,,,,,,,,,,,,,,
,,,,,,,,,,,,,,,,,,,,,,,,,,
,,,,,,,,,,,,,,,,,,,,,,,,,,
,,,,,,,,,,,,,,,,,,,,,,,,,,
,,,,,,,,,,,,,,,,,,,,,,,,,,
,,,,,,,,,,,,,,,,,,,,,,,,,,
,,,,,,,,,,,,,,,,,,,,,,,,,,
,,,,,,,,,,,,,,,,,,,,,,,,,,
,,,,,,,,,,,,,,,,,,,,,,,,,,
,,,,,,,,,,,,,,,,,,,,,,,,,,
,,,,,,,,,,,,,,,,,,,,,,,,,,
,,,,,,,,,,,,,,,,,,,,,,,,,,
,,,,,,,,,,,,,,,,,,,,,,,,,,
,,,,,,,,,,,,,,,,,,,,,,,,,,
,,,,,,,,,,,,,,,,,,,,,,,,,,
,,,,,,,,,,,,,,,,,,,,,,,,,,
,,,,,,,,,,,,,,,,,,,,,,,,,,
,,,,,,,,,,,,,,,,,,,,,,,,,,
,,,,,,,,,,,,,,,,,,,,,,,,,,
,,,,,,,,,,,,,,,,,,,,,,,,,,
,,,,,,,,,,,,,,,,,,,,,,,,,,
,,,,,,,,,,,,,,,,,,,,,,,,,,
,,,,,,,,,,,,,,,,,,,,,,,,,,
,,,,,,,,,,,,,,,,,,,,,,,,,,
,,,,,,,,,,,,,,,,,,,,,,,,,,
,,,,,,,,,,,,,,,,,,,,,,,,,,
,,,,,,,,,,,,,,,,,,,,,,,,,,
,,,,,,,,,,,,,,,,,,,,,,,,,,
,,,,,,,,,,,,,,,,,,,,,,,,,,
,,,,,,,,,,,,,,,,,,,,,,,,,,
,,,,,,,,,,,,,,,,,,,,,,,,,,
,,,,,,,,,,,,,,,,,,,,,,,,,,
,,,,,,,,,,,,,,,,,,,,,,,,,,
,,,,,,,,,,,,,,,,,,,,,,,,,,
,,,,,,,,,,,,,,,,,,,,,,,,,,
,,,,,,,,,,,,,,,,,,,,,,,,,,
,,,,,,,,,,,,,,,,,,,,,,,,,,
,,,,,,,,,,,,,,,,,,,,,,,,,,
,,,,,,,,,,,,,,,,,,,,,,,,,,
,,,,,,,,,,,,,,,,,,,,,,,,,,
,,,,,,,,,,,,,,,,,,,,,,,,,,
,,,,,,,,,,,,,,,,,,,,,,,,,,
,,,,,,,,,,,,,,,,,,,,,,,,,,
,,,,,,,,,,,,,,,,,,,,,,,,,,
,,,,,,,,,,,,,,,,,,,,,,,,,,
,,,,,,,,,,,,,,,,,,,,,,,,,,
,,,,,,,,,,,,,,,,,,,,,,,,,,
,,,,,,,,,,,,,,,,,,,,,,,,,,
,,,,,,,,,,,,,,,,,,,,,,,,,,
,,,,,,,,,,,,,,,,,,,,,,,,,,
,,,,,,,,,,,,,,,,,,,,,,,,,,
,,,,,,,,,,,,,,,,,,,,,,,,,,
,,,,,,,,,,,,,,,,,,,,,,,,,,
,,,,,,,,,,,,,,,,,,,,,,,,,,
,,,,,,,,,,,,,,,,,,,,,,,,,,
,,,,,,,,,,,,,,,,,,,,,,,,,,
,,,,,,,,,,,,,,,,,,,,,,,,,,
,,,,,,,,,,,,,,,,,,,,,,,,,,
,,,,,,,,,,,,,,,,,,,,,,,,,,
,,,,,,,,,,,,,,,,,,,,,,,,,,
,,,,,,,,,,,,,,,,,,,,,,,,,,
,,,,,,,,,,,,,,,,,,,,,,,,,,
,,,,,,,,,,,,,,,,,,,,,,,,,,
,,,,,,,,,,,,,,,,,,,,,,,,,,
,,,,,,,,,,,,,,,,,,,,,,,,,,
,,,,,,,,,,,,,,,,,,,,,,,,,,
,,,,,,,,,,,,,,,,,,,,,,,,,,
,,,,,,,,,,,,,,,,,,,,,,,,,,
,,,,,,,,,,,,,,,,,,,,,,,,,,
,,,,,,,,,,,,,,,,,,,,,,,,,,
,,,,,,,,,,,,,,,,,,,,,,,,,,
,,,,,,,,,,,,,,,,,,,,,,,,,,
,,,,,,,,,,,,,,,,,,,,,,,,,,
,,,,,,,,,,,,,,,,,,,,,,,,,,
,,,,,,,,,,,,,,,,,,,,,,,,,,
,,,,,,,,,,,,,,,,,,,,,,,,,,
,,,,,,,,,,,,,,,,,,,,,,,,,,
,,,,,,,,,,,,,,,,,,,,,,,,,,
,,,,,,,,,,,,,,,,,,,,,,,,,,
,,,,,,,,,,,,,,,,,,,,,,,,,,
,,,,,,,,,,,,,,,,,,,,,,,,,,
,,,,,,,,,,,,,,,,,,,,,,,,,,
,,,,,,,,,,,,,,,,,,,,,,,,,,
,,,,,,,,,,,,,,,,,,,,,,,,,,
,,,,,,,,,,,,,,,,,,,,,,,,,,
,,,,,,,,,,,,,,,,,,,,,,,,,,
,,,,,,,,,,,,,,,,,,,,,,,,,,
,,,,,,,,,,,,,,,,,,,,,,,,,,
,,,,,,,,,,,,,,,,,,,,,,,,,,
,,,,,,,,,,,,,,,,,,,,,,,,,,
,,,,,,,,,,,,,,,,,,,,,,,,,,
,,,,,,,,,,,,,,,,,,,,,,,,,,
,,,,,,,,,,,,,,,,,,,,,,,,,,
,,,,,,,,,,,,,,,,,,,,,,,,,,
,,,,,,,,,,,,,,,,,,,,,,,,,,
,,,,,,,,,,,,,,,,,,,,,,,,,,
,,,,,,,,,,,,,,,,,,,,,,,,,,
,,,,,,,,,,,,,,,,,,,,,,,,,,
,,,,,,,,,,,,,,,,,,,,,,,,,,
,,,,,,,,,,,,,,,,,,,,,,,,,,
,,,,,,,,,,,,,,,,,,,,,,,,,,
,,,,,,,,,,,,,,,,,,,,,,,,,,
,,,,,,,,,,,,,,,,,,,,,,,,,,
,,,,,,,,,,,,,,,,,,,,,,,,,,
,,,,,,,,,,,,,,,,,,,,,,,,,,
,,,,,,,,,,,,,,,,,,,,,,,,,,
,,,,,,,,,,,,,,,,,,,,,,,,,,
,,,,,,,,,,,,,,,,,,,,,,,,,,
,,,,,,,,,,,,,,,,,,,,,,,,,,
,,,,,,,,,,,,,,,,,,,,,,,,,,
,,,,,,,,,,,,,,,,,,,,,,,,,,
,,,,,,,,,,,,,,,,,,,,,,,,,,
,,,,,,,,,,,,,,,,,,,,,,,,,,
,,,,,,,,,,,,,,,,,,,,,,,,,,
,,,,,,,,,,,,,,,,,,,,,,,,,,
,,,,,,,,,,,,,,,,,,,,,,,,,,
,,,,,,,,,,,,,,,,,,,,,,,,,,
,,,,,,,,,,,,,,,,,,,,,,,,,,
,,,,,,,,,,,,,,,,,,,,,,,,,,
,,,,,,,,,,,,,,,,,,,,,,,,,,
,,,,,,,,,,,,,,,,,,,,,,,,,,
,,,,,,,,,,,,,,,,,,,,,,,,,,
,,,,,,,,,,,,,,,,,,,,,,,,,,
,,,,,,,,,,,,,,,,,,,,,,,,,,
,,,,,,,,,,,,,,,,,,,,,,,,,,
,,,,,,,,,,,,,,,,,,,,,,,,,,
,,,,,,,,,,,,,,,,,,,,,,,,,,
,,,,,,,,,,,,,,,,,,,,,,,,,,
,,,,,,,,,,,,,,,,,,,,,,,,,,
,,,,,,,,,,,,,,,,,,,,,,,,,,
,,,,,,,,,,,,,,,,,,,,,,,,,,
,,,,,,,,,,,,,,,,,,,,,,,,,,
,,,,,,,,,,,,,,,,,,,,,,,,,,
,,,,,,,,,,,,,,,,,,,,,,,,,,
,,,,,,,,,,,,,,,,,,,,,,,,,,
,,,,,,,,,,,,,,,,,,,,,,,,,,
,,,,,,,,,,,,,,,,,,,,,,,,,,
,,,,,,,,,,,,,,,,,,,,,,,,,,
,,,,,,,,,,,,,,,,,,,,,,,,,,
,,,,,,,,,,,,,,,,,,,,,,,,,,
,,,,,,,,,,,,,,,,,,,,,,,,,,
,,,,,,,,,,,,,,,,,,,,,,,,,,
,,,,,,,,,,,,,,,,,,,,,,,,,,
,,,,,,,,,,,,,,,,,,,,,,,,,,
,,,,,,,,,,,,,,,,,,,,,,,,,,
,,,,,,,,,,,,,,,,,,,,,,,,,,
,,,,,,,,,,,,,,,,,,,,,,,,,,
,,,,,,,,,,,,,,,,,,,,,,,,,,
,,,,,,,,,,,,,,,,,,,,,,,,,,
,,,,,,,,,,,,,,,,,,,,,,,,,,
,,,,,,,,,,,,,,,,,,,,,,,,,,
,,,,,,,,,,,,,,,,,,,,,,,,,,
,,,,,,,,,,,,,,,,,,,,,,,,,,
,,,,,,,,,,,,,,,,,,,,,,,,,,
,,,,,,,,,,,,,,,,,,,,,,,,,,
,,,,,,,,,,,,,,,,,,,,,,,,,,
,,,,,,,,,,,,,,,,,,,,,,,,,,
,,,,,,,,,,,,,,,,,,,,,,,,,,
,,,,,,,,,,,,,,,,,,,,,,,,,,
,,,,,,,,,,,,,,,,,,,,,,,,,,
,,,,,,,,,,,,,,,,,,,,,,,,,,
,,,,,,,,,,,,,,,,,,,,,,,,,,
,,,,,,,,,,,,,,,,,,,,,,,,,,
,,,,,,,,,,,,,,,,,,,,,,,,,,
,,,,,,,,,,,,,,,,,,,,,,,,,,
,,,,,,,,,,,,,,,,,,,,,,,,,,
,,,,,,,,,,,,,,,,,,,,,,,,,,
,,,,,,,,,,,,,,,,,,,,,,,,,,
,,,,,,,,,,,,,,,,,,,,,,,,,,
,,,,,,,,,,,,,,,,,,,,,,,,,,
,,,,,,,,,,,,,,,,,,,,,,,,,,
,,,,,,,,,,,,,,,,,,,,,,,,,,
,,,,,,,,,,,,,,,,,,,,,,,,,,
,,,,,,,,,,,,,,,,,,,,,,,,,,
,,,,,,,,,,,,,,,,,,,,,,,,,,
,,,,,,,,,,,,,,,,,,,,,,,,,,
,,,,,,,,,,,,,,,,,,,,,,,,,,
,,,,,,,,,,,,,,,,,,,,,,,,,,
,,,,,,,,,,,,,,,,,,,,,,,,,,
,,,,,,,,,,,,,,,,,,,,,,,,,,
,,,,,,,,,,,,,,,,,,,,,,,,,,
,,,,,,,,,,,,,,,,,,,,,,,,,,
,,,,,,,,,,,,,,,,,,,,,,,,,,
,,,,,,,,,,,,,,,,,,,,,,,,,,
,,,,,,,,,,,,,,,,,,,,,,,,,,
,,,,,,,,,,,,,,,,,,,,,,,,,,
,,,,,,,,,,,,,,,,,,,,,,,,,,
,,,,,,,,,,,,,,,,,,,,,,,,,,
,,,,,,,,,,,,,,,,,,,,,,,,,,
,,,,,,,,,,,,,,,,,,,,,,,,,,
,,,,,,,,,,,,,,,,,,,,,,,,,,
,,,,,,,,,,,,,,,,,,,,,,,,,,
,,,,,,,,,,,,,,,,,,,,,,,,,,
,,,,,,,,,,,,,,,,,,,,,,,,,,
,,,,,,,,,,,,,,,,,,,,,,,,,,
,,,,,,,,,,,,,,,,,,,,,,,,,,
,,,,,,,,,,,,,,,,,,,,,,,,,,
,,,,,,,,,,,,,,,,,,,,,,,,,,
,,,,,,,,,,,,,,,,,,,,,,,,,,
,,,,,,,,,,,,,,,,,,,,,,,,,,
,,,,,,,,,,,,,,,,,,,,,,,,,,
,,,,,,,,,,,,,,,,,,,,,,,,,,
,,,,,,,,,,,,,,,,,,,,,,,,,,
,,,,,,,,,,,,,,,,,,,,,,,,,,
,,,,,,,,,,,,,,,,,,,,,,,,,,
,,,,,,,,,,,,,,,,,,,,,,,,,,
,,,,,,,,,,,,,,,,,,,,,,,,,,
,,,,,,,,,,,,,,,,,,,,,,,,,,
,,,,,,,,,,,,,,,,,,,,,,,,,,
,,,,,,,,,,,,,,,,,,,,,,,,,,
,,,,,,,,,,,,,,,,,,,,,,,,,,
,,,,,,,,,,,,,,,,,,,,,,,,,,
,,,,,,,,,,,,,,,,,,,,,,,,,,
,,,,,,,,,,,,,,,,,,,,,,,,,,
,,,,,,,,,,,,,,,,,,,,,,,,,,
,,,,,,,,,,,,,,,,,,,,,,,,,,
,,,,,,,,,,,,,,,,,,,,,,,,,,
,,,,,,,,,,,,,,,,,,,,,,,,,,
,,,,,,,,,,,,,,,,,,,,,,,,,,
,,,,,,,,,,,,,,,,,,,,,,,,,,
,,,,,,,,,,,,,,,,,,,,,,,,,,
,,,,,,,,,,,,,,,,,,,,,,,,,,
,,,,,,,,,,,,,,,,,,,,,,,,,,
,,,,,,,,,,,,,,,,,,,,,,,,,,
,,,,,,,,,,,,,,,,,,,,,,,,,,
,,,,,,,,,,,,,,,,,,,,,,,,,,
,,,,,,,,,,,,,,,,,,,,,,,,,,
,,,,,,,,,,,,,,,,,,,,,,,,,,
,,,,,,,,,,,,,,,,,,,,,,,,,,
,,,,,,,,,,,,,,,,,,,,,,,,,,
,,,,,,,,,,,,,,,,,,,,,,,,,,
,,,,,,,,,,,,,,,,,,,,,,,,,,
,,,,,,,,,,,,,,,,,,,,,,,,,,
,,,,,,,,,,,,,,,,,,,,,,,,,,
,,,,,,,,,,,,,,,,,,,,,,,,,,
,,,,,,,,,,,,,,,,,,,,,,,,,,
,,,,,,,,,,,,,,,,,,,,,,,,,,
,,,,,,,,,,,,,,,,,,,,,,,,,,
,,,,,,,,,,,,,,,,,,,,,,,,,,
,,,,,,,,,,,,,,,,,,,,,,,,,,
,,,,,,,,,,,,,,,,,,,,,,,,,,
,,,,,,,,,,,,,,,,,,,,,,,,,,
,,,,,,,,,,,,,,,,,,,,,,,,,,
,,,,,,,,,,,,,,,,,,,,,,,,,,
,,,,,,,,,,,,,,,,,,,,,,,,,,
,,,,,,,,,,,,,,,,,,,,,,,,,,
,,,,,,,,,,,,,,,,,,,,,,,,,,
,,,,,,,,,,,,,,,,,,,,,,,,,,
,,,,,,,,,,,,,,,,,,,,,,,,,,
,,,,,,,,,,,,,,,,,,,,,,,,,,
,,,,,,,,,,,,,,,,,,,,,,,,,,
,,,,,,,,,,,,,,,,,,,,,,,,,,
,,,,,,,,,,,,,,,,,,,,,,,,,,
,,,,,,,,,,,,,,,,,,,,,,,,,,
,,,,,,,,,,,,,,,,,,,,,,,,,,
,,,,,,,,,,,,,,,,,,,,,,,,,,
,,,,,,,,,,,,,,,,,,,,,,,,,,
,,,,,,,,,,,,,,,,,,,,,,,,,,
,,,,,,,,,,,,,,,,,,,,,,,,,,
,,,,,,,,,,,,,,,,,,,,,,,,,,
,,,,,,,,,,,,,,,,,,,,,,,,,,
,,,,,,,,,,,,,,,,,,,,,,,,,,
,,,,,,,,,,,,,,,,,,,,,,,,,,
,,,,,,,,,,,,,,,,,,,,,,,,,,
,,,,,,,,,,,,,,,,,,,,,,,,,,
,,,,,,,,,,,,,,,,,,,,,,,,,,
,,,,,,,,,,,,,,,,,,,,,,,,,,
,,,,,,,,,,,,,,,,,,,,,,,,,,
,,,,,,,,,,,,,,,,,,,,,,,,,,
,,,,,,,,,,,,,,,,,,,,,,,,,,
,,,,,,,,,,,,,,,,,,,,,,,,,,
,,,,,,,,,,,,,,,,,,,,,,,,,,
,,,,,,,,,,,,,,,,,,,,,,,,,,
,,,,,,,,,,,,,,,,,,,,,,,,,,
,,,,,,,,,,,,,,,,,,,,,,,,,,
,,,,,,,,,,,,,,,,,,,,,,,,,,
,,,,,,,,,,,,,,,,,,,,,,,,,,
,,,,,,,,,,,,,,,,,,,,,,,,,,
,,,,,,,,,,,,,,,,,,,,,,,,,,
,,,,,,,,,,,,,,,,,,,,,,,,,,
,,,,,,,,,,,,,,,,,,,,,,,,,,
,,,,,,,,,,,,,,,,,,,,,,,,,,
,,,,,,,,,,,,,,,,,,,,,,,,,,
,,,,,,,,,,,,,,,,,,,,,,,,,,
,,,,,,,,,,,,,,,,,,,,,,,,,,
,,,,,,,,,,,,,,,,,,,,,,,,,,
,,,,,,,,,,,,,,,,,,,,,,,,,,
,,,,,,,,,,,,,,,,,,,,,,,,,,
,,,,,,,,,,,,,,,,,,,,,,,,,,
,,,,,,,,,,,,,,,,,,,,,,,,,,
,,,,,,,,,,,,,,,,,,,,,,,,,,
,,,,,,,,,,,,,,,,,,,,,,,,,,
,,,,,,,,,,,,,,,,,,,,,,,,,,
,,,,,,,,,,,,,,,,,,,,,,,,,,
,,,,,,,,,,,,,,,,,,,,,,,,,,
,,,,,,,,,,,,,,,,,,,,,,,,,,
,,,,,,,,,,,,,,,,,,,,,,,,,,
,,,,,,,,,,,,,,,,,,,,,,,,,,
,,,,,,,,,,,,,,,,,,,,,,,,,,
,,,,,,,,,,,,,,,,,,,,,,,,,,
,,,,,,,,,,,,,,,,,,,,,,,,,,
,,,,,,,,,,,,,,,,,,,,,,,,,,
,,,,,,,,,,,,,,,,,,,,,,,,,,
,,,,,,,,,,,,,,,,,,,,,,,,,,
,,,,,,,,,,,,,,,,,,,,,,,,,,
,,,,,,,,,,,,,,,,,,,,,,,,,,
,,,,,,,,,,,,,,,,,,,,,,,,,,
,,,,,,,,,,,,,,,,,,,,,,,,,,
,,,,,,,,,,,,,,,,,,,,,,,,,,
,,,,,,,,,,,,,,,,,,,,,,,,,,
,,,,,,,,,,,,,,,,,,,,,,,,,,
